use Beregovoj
GO

SET IDENTITY_INSERT [dbo].[Hours] ON 

INSERT [dbo].[Hours] ([ID], [Date], [Hours], [Messang], [IDName]) VALUES (1, CAST(N'2022-09-25T00:00:00' AS SmallDateTime), 8, N'a', 1)
INSERT [dbo].[Hours] ([ID], [Date], [Hours], [Messang], [IDName]) VALUES (3, CAST(N'2022-08-29T00:00:00' AS SmallDateTime), 3, N'y', 2)
INSERT [dbo].[Hours] ([ID], [Date], [Hours], [Messang], [IDName]) VALUES (7, CAST(N'2022-09-30T00:00:00' AS SmallDateTime), 4, N'testes', 1)
INSERT [dbo].[Hours] ([ID], [Date], [Hours], [Messang], [IDName]) VALUES (8, CAST(N'2022-09-30T00:00:00' AS SmallDateTime), 4, N'testes', 1)
INSERT [dbo].[Hours] ([ID], [Date], [Hours], [Messang], [IDName]) VALUES (9, CAST(N'2022-09-30T00:00:00' AS SmallDateTime), 4, N'testes', 1)
INSERT [dbo].[Hours] ([ID], [Date], [Hours], [Messang], [IDName]) VALUES (10, CAST(N'2022-09-30T00:00:00' AS SmallDateTime), 4, N'testes', 1)
INSERT [dbo].[Hours] ([ID], [Date], [Hours], [Messang], [IDName]) VALUES (11, CAST(N'2022-09-30T00:00:00' AS SmallDateTime), 4, N'testes', 1)
INSERT [dbo].[Hours] ([ID], [Date], [Hours], [Messang], [IDName]) VALUES (12, CAST(N'2022-09-30T00:00:00' AS SmallDateTime), 4, N'testes', 1)
INSERT [dbo].[Hours] ([ID], [Date], [Hours], [Messang], [IDName]) VALUES (13, CAST(N'2022-09-30T00:00:00' AS SmallDateTime), 2, N'содержание работ', 1)
INSERT [dbo].[Hours] ([ID], [Date], [Hours], [Messang], [IDName]) VALUES (14, CAST(N'2022-09-22T00:00:00' AS SmallDateTime), 8, N'GH', 1)
INSERT [dbo].[Hours] ([ID], [Date], [Hours], [Messang], [IDName]) VALUES (15, CAST(N'2022-09-28T00:00:00' AS SmallDateTime), 6, N'S', 1)
INSERT [dbo].[Hours] ([ID], [Date], [Hours], [Messang], [IDName]) VALUES (1002, CAST(N'2022-09-30T00:00:00' AS SmallDateTime), 12, N'SW', 1)
INSERT [dbo].[Hours] ([ID], [Date], [Hours], [Messang], [IDName]) VALUES (1003, CAST(N'2022-09-30T00:00:00' AS SmallDateTime), 12, N'fg', 2003)
INSERT [dbo].[Hours] ([ID], [Date], [Hours], [Messang], [IDName]) VALUES (1004, CAST(N'2022-09-30T00:00:00' AS SmallDateTime), 12, N'fg', 2003)
INSERT [dbo].[Hours] ([ID], [Date], [Hours], [Messang], [IDName]) VALUES (2002, CAST(N'2022-10-01T00:00:00' AS SmallDateTime), 8, N'ghj', 3003)
INSERT [dbo].[Hours] ([ID], [Date], [Hours], [Messang], [IDName]) VALUES (2003, CAST(N'2022-10-03T00:00:00' AS SmallDateTime), 7, N'ikl', 3003)
INSERT [dbo].[Hours] ([ID], [Date], [Hours], [Messang], [IDName]) VALUES (2004, CAST(N'2022-09-28T00:00:00' AS SmallDateTime), 12, N'test', 4007)
INSERT [dbo].[Hours] ([ID], [Date], [Hours], [Messang], [IDName]) VALUES (3003, CAST(N'2022-10-04T00:00:00' AS SmallDateTime), 5, N'12', 3003)
INSERT [dbo].[Hours] ([ID], [Date], [Hours], [Messang], [IDName]) VALUES (3004, CAST(N'2022-10-04T00:00:00' AS SmallDateTime), 5, N'12', 2)
INSERT [dbo].[Hours] ([ID], [Date], [Hours], [Messang], [IDName]) VALUES (3005, CAST(N'2022-09-26T00:00:00' AS SmallDateTime), 1, N'23', 2003)
INSERT [dbo].[Hours] ([ID], [Date], [Hours], [Messang], [IDName]) VALUES (3006, CAST(N'2022-09-26T00:00:00' AS SmallDateTime), 1, N'23', 2003)
INSERT [dbo].[Hours] ([ID], [Date], [Hours], [Messang], [IDName]) VALUES (3007, CAST(N'2022-09-26T00:00:00' AS SmallDateTime), 1, N'23', 2003)
INSERT [dbo].[Hours] ([ID], [Date], [Hours], [Messang], [IDName]) VALUES (3008, CAST(N'2022-10-04T00:00:00' AS SmallDateTime), 8, N'jjj', 2)
INSERT [dbo].[Hours] ([ID], [Date], [Hours], [Messang], [IDName]) VALUES (3011, CAST(N'2022-10-06T00:00:00' AS SmallDateTime), 15, N'Sdfgh', 5003)
INSERT [dbo].[Hours] ([ID], [Date], [Hours], [Messang], [IDName]) VALUES (3013, CAST(N'2022-10-04T00:00:00' AS SmallDateTime), 7, N'ttttttt', 5005)
INSERT [dbo].[Hours] ([ID], [Date], [Hours], [Messang], [IDName]) VALUES (3014, CAST(N'2022-10-04T00:00:00' AS SmallDateTime), 7, N'kjl', 5006)
INSERT [dbo].[Hours] ([ID], [Date], [Hours], [Messang], [IDName]) VALUES (3016, CAST(N'2022-10-04T00:00:00' AS SmallDateTime), 7, N'l', 3003)
INSERT [dbo].[Hours] ([ID], [Date], [Hours], [Messang], [IDName]) VALUES (5003, CAST(N'2022-10-05T00:00:00' AS SmallDateTime), 5, N'g', 3003)
INSERT [dbo].[Hours] ([ID], [Date], [Hours], [Messang], [IDName]) VALUES (5004, CAST(N'2022-10-05T00:00:00' AS SmallDateTime), 8, N'j', 2003)
INSERT [dbo].[Hours] ([ID], [Date], [Hours], [Messang], [IDName]) VALUES (6003, CAST(N'2022-10-06T00:00:00' AS SmallDateTime), 8, N'rf', 3003)
INSERT [dbo].[Hours] ([ID], [Date], [Hours], [Messang], [IDName]) VALUES (7003, CAST(N'2022-10-06T00:00:00' AS SmallDateTime), 45, N'ytr', 10005)
INSERT [dbo].[Hours] ([ID], [Date], [Hours], [Messang], [IDName]) VALUES (7004, CAST(N'2022-10-06T00:00:00' AS SmallDateTime), 8, N'dfghj', 3003)
INSERT [dbo].[Hours] ([ID], [Date], [Hours], [Messang], [IDName]) VALUES (7005, CAST(N'2022-10-06T00:00:00' AS SmallDateTime), 8, N'dfghj', 3003)
SET IDENTITY_INSERT [dbo].[Hours] OFF
GO
SET IDENTITY_INSERT [dbo].[UserRole] ON 

INSERT [dbo].[UserRole] ([ID], [Role]) VALUES (1, N'manager')
INSERT [dbo].[UserRole] ([ID], [Role]) VALUES (2, N'freelanser')
INSERT [dbo].[UserRole] ([ID], [Role]) VALUES (3, N'employee')
SET IDENTITY_INSERT [dbo].[UserRole] OFF
GO
SET IDENTITY_INSERT [dbo].[users] ON 

INSERT [dbo].[users] ([ID], [Name], [IDRole]) VALUES (1, N'Alex', 1)
INSERT [dbo].[users] ([ID], [Name], [IDRole]) VALUES (2, N'Sam', 2)
INSERT [dbo].[users] ([ID], [Name], [IDRole]) VALUES (2003, N'Sammi', 3)
INSERT [dbo].[users] ([ID], [Name], [IDRole]) VALUES (3003, N'Roy', 1)
INSERT [dbo].[users] ([ID], [Name], [IDRole]) VALUES (4004, N'Z', 2)
INSERT [dbo].[users] ([ID], [Name], [IDRole]) VALUES (4005, N'SSS', 2)
INSERT [dbo].[users] ([ID], [Name], [IDRole]) VALUES (4006, N'dddd', 2)
INSERT [dbo].[users] ([ID], [Name], [IDRole]) VALUES (4007, N'Tanya', 1)
INSERT [dbo].[users] ([ID], [Name], [IDRole]) VALUES (5003, N'Ret', 2)
INSERT [dbo].[users] ([ID], [Name], [IDRole]) VALUES (5004, N'Retro', 3)
INSERT [dbo].[users] ([ID], [Name], [IDRole]) VALUES (5005, N'Ger', 3)
INSERT [dbo].[users] ([ID], [Name], [IDRole]) VALUES (5006, N'Gera', 2)
INSERT [dbo].[users] ([ID], [Name], [IDRole]) VALUES (5007, N'g', 2)
INSERT [dbo].[users] ([ID], [Name], [IDRole]) VALUES (5008, N'k', 2)
INSERT [dbo].[users] ([ID], [Name], [IDRole]) VALUES (6003, N'f', 1)
INSERT [dbo].[users] ([ID], [Name], [IDRole]) VALUES (7003, N'j', 1)
INSERT [dbo].[users] ([ID], [Name], [IDRole]) VALUES (8003, N'SAS', 2)
INSERT [dbo].[users] ([ID], [Name], [IDRole]) VALUES (8004, N'Gfh', 1)
INSERT [dbo].[users] ([ID], [Name], [IDRole]) VALUES (8005, N'g', 1)
INSERT [dbo].[users] ([ID], [Name], [IDRole]) VALUES (8006, N'j', 1)
INSERT [dbo].[users] ([ID], [Name], [IDRole]) VALUES (9003, N'j', 2)
INSERT [dbo].[users] ([ID], [Name], [IDRole]) VALUES (9004, N'g', 3)
INSERT [dbo].[users] ([ID], [Name], [IDRole]) VALUES (9005, N'j', 1)
INSERT [dbo].[users] ([ID], [Name], [IDRole]) VALUES (9006, N'j', 1)
INSERT [dbo].[users] ([ID], [Name], [IDRole]) VALUES (9007, N'j', 1)
INSERT [dbo].[users] ([ID], [Name], [IDRole]) VALUES (10003, N'DS', 3)
INSERT [dbo].[users] ([ID], [Name], [IDRole]) VALUES (10004, N'gh', 3)
INSERT [dbo].[users] ([ID], [Name], [IDRole]) VALUES (10005, N'ghr', 1)
INSERT [dbo].[users] ([ID], [Name], [IDRole]) VALUES (10006, N'AAAAAAA', 3)
INSERT [dbo].[users] ([ID], [Name], [IDRole]) VALUES (10007, N'Bity', 2)
INSERT [dbo].[users] ([ID], [Name], [IDRole]) VALUES (10008, N'Bity', 1)
INSERT [dbo].[users] ([ID], [Name], [IDRole]) VALUES (10009, N'SA', 2)
INSERT [dbo].[users] ([ID], [Name], [IDRole]) VALUES (10010, N'SAs', 1)
INSERT [dbo].[users] ([ID], [Name], [IDRole]) VALUES (10011, N'DAD', 2)
INSERT [dbo].[users] ([ID], [Name], [IDRole]) VALUES (10012, N'DADA', 3)
INSERT [dbo].[users] ([ID], [Name], [IDRole]) VALUES (10013, N'nol', 1)
INSERT [dbo].[users] ([ID], [Name], [IDRole]) VALUES (10014, N'Null', 2)
INSERT [dbo].[users] ([ID], [Name], [IDRole]) VALUES (10015, N'AS', 1)
SET IDENTITY_INSERT [dbo].[users] OFF
